prec_no,block_no,prec_name,block_name,ob_type
11,47401,宗谷地方,稚内,s
11,0002,宗谷地方,沓形,a
11,0003,宗谷地方,浜頓別,a
11,47402,宗谷地方,北見枝幸,s
11,0005,宗谷地方,歌登,a
11,1051,宗谷地方,中頓別,a
11,1054,宗谷地方,豊富,a
11,1203,宗谷地方,沼川,a
11,1207,宗谷地方,船泊,a
11,1284,宗谷地方,宗谷岬,a
11,1285,宗谷地方,浜鬼志別,a
11,1512,宗谷地方,本泊,a
11,1528,宗谷地方,声問,a
11,1546,宗谷地方,礼文,a
11,1593,宗谷地方,幌泊,a
11,1573,宗谷地方,幌延,a
11,1656,宗谷地方,礼文上泊埼,a
12,0006,上川地方,美深,a
12,0007,上川地方,ピヤシリ山,a
12,0008,上川地方,名寄,a
12,0009,上川地方,西風連,a
12,0010,上川地方,下川,a
12,0011,上川地方,士別,a
12,0012,上川地方,犬牛別峠,a
12,0013,上川地方,雄鷹峰,a
12,0014,上川地方,蓬莱山,a
12,0015,上川地方,上川,a
12,47407,上川地方,旭川,s
12,0017,上川地方,瑞穂,a
12,0018,上川地方,終沢,a
12,0019,上川地方,旭岳,a
12,0020,上川地方,白金,a
12,0021,上川地方,富良野,a
12,0022,上川地方,前富良野岳,a
12,0023,上川地方,前時雨山,a
12,1047,上川地方,朝日,a
12,1048,上川地方,比布,a
12,1049,上川地方,層雲峡,a
12,1052,上川地方,美瑛,a
12,1055,上川地方,和寒,a
12,1184,上川地方,東川,a
12,1185,上川地方,志比内,a
12,1188,上川地方,幾寅,a
12,1189,上川地方,占冠,a
12,1190,上川地方,上富良野,a
12,1191,上川地方,江丹別,a
12,1197,上川地方,音威子府,a
12,1201,上川地方,中川,a
12,1280,上川地方,麓郷,a
12,1458,上川地方,東神楽,a
12,1570,上川地方,小車,a
12,1572,上川地方,剣淵,a
12,1574,上川地方,金山,a
12,1053,上川地方,幌加内,a
12,1279,上川地方,朱鞠内,a
13,0024,留萌地方,天塩,a
13,0025,留萌地方,遠別,a
13,47404,留萌地方,羽幌,s
13,47406,留萌地方,留萌,s
13,0028,留萌地方,増毛,a
13,1112,留萌地方,古丹別,a
13,1213,留萌地方,焼尻,a
13,1216,留萌地方,初山別,a
13,1217,留萌地方,達布,a
13,1218,留萌地方,幌糠,a
14,0029,石狩地方,阿曽岩,a
14,0030,石狩地方,新篠津,a
14,0031,石狩地方,山口,a
14,0032,石狩地方,手稲山,a
14,47412,石狩地方,札幌,s
14,0034,石狩地方,小金湯,a
14,0035,石狩地方,恵庭島松,a
14,0036,石狩地方,島松山,a
14,0037,石狩地方,支笏湖畔,a
14,1076,石狩地方,西野幌,a
14,1085,石狩地方,石狩,a
14,1193,石狩地方,浜益,a
14,1194,石狩地方,厚田,a
14,1459,石狩地方,千歳,a
14,1507,石狩地方,江別,a
15,0038,空知地方,石狩沼田,a
15,0039,空知地方,深川,a
15,0040,空知地方,常盤山,a
15,0041,空知地方,滝川,a
15,0042,空知地方,神威岳,a
15,0043,空知地方,芦別,a
15,0044,空知地方,美唄,a
15,47413,空知地方,岩見沢,s
15,0046,空知地方,下桂沢,a
15,0047,空知地方,長沼,a
15,0048,空知地方,丁未山,a
15,0049,空知地方,夕張,a
15,0050,空知地方,登川山,a
15,0999,空知地方,月形,a
15,1068,空知地方,栗沢,a
15,1270,空知地方,晩生内,a
15,1271,空知地方,桜山,a
15,1287,空知地方,空知吉野,a
15,1400,空知地方,浦臼,a
15,1401,空知地方,鹿島,a
15,1402,空知地方,沼の沢,a
15,1419,空知地方,新城,a
15,1566,空知地方,赤平,a
15,1567,空知地方,雨竜,a
15,1674,空知地方,秩父別,a
16,0051,後志地方,美国,a
16,0052,後志地方,余市,a
16,47411,後志地方,小樽,s
16,0054,後志地方,共和,a
16,0055,後志地方,蘭越,a
16,47433,後志地方,倶知安,s
16,0057,後志地方,脇方台地,a
16,47421,後志地方,寿都,s
16,0059,後志地方,桂台,a
16,0060,後志地方,喜茂別,a
16,0061,後志地方,黒松内,a
16,1072,後志地方,真狩,a
16,1091,後志地方,赤井川,a
16,1208,後志地方,神恵内,a
16,1615,後志地方,ニセコ,a
17,47405,網走・北見・紋別地方,雄武,s
17,0063,網走・北見・紋別地方,興部,a
17,47435,網走・北見・紋別地方,紋別,s
17,0065,網走・北見・紋別地方,湧別,a
17,0066,網走・北見・紋別地方,滝上,a
17,0067,網走・北見・紋別地方,上藻別,a
17,0068,網走・北見・紋別地方,常呂,a
17,0069,網走・北見・紋別地方,遠軽,a
17,0070,網走・北見・紋別地方,佐呂間,a
17,47409,網走・北見・紋別地方,網走,s
17,0072,網走・北見・紋別地方,生田原,a
17,0073,網走・北見・紋別地方,仁頃山,a
17,0074,網走・北見・紋別地方,北見,a
17,0075,網走・北見・紋別地方,小清水,a
17,0076,網走・北見・紋別地方,斜里,a
17,0077,網走・北見・紋別地方,留辺蘂,a
17,0078,網走・北見・紋別地方,留辺蘂山,a
17,0079,網走・北見・紋別地方,美幌,a
17,0080,網走・北見・紋別地方,藻琴山,a
17,0081,網走・北見・紋別地方,チミケップ山,a
17,0082,網走・北見・紋別地方,津別,a
17,0083,網走・北見・紋別地方,北見中山,a
17,0981,網走・北見・紋別地方,宇登呂,a
17,1073,網走・北見・紋別地方,西興部,a
17,1092,網走・北見・紋別地方,白滝,a
17,1209,網走・北見・紋別地方,境野,a
17,1263,網走・北見・紋別地方,東藻琴,a
17,1420,網走・北見・紋別地方,丸瀬布,a
17,1460,網走・北見・紋別地方,女満別,a
17,1487,網走・北見・紋別地方,紋別小向,a
17,1568,網走・北見・紋別地方,津別二又,a
17,1569,網走・北見・紋別地方,置戸常元,a
17,1617,網走・北見・紋別地方,山園,a
18,0084,根室地方,羅臼,a
18,0085,根室地方,標津,a
18,0086,根室地方,中標津,a
18,0087,根室地方,計根別,a
18,0088,根室地方,別海,a
18,47420,根室地方,根室,s
18,1056,根室地方,納沙布,a
18,1196,根室地方,厚床,a
18,1266,根室地方,糸櫛別,a
18,1489,根室地方,根室中標津,a
18,1547,根室地方,上標津,a
19,0090,釧路地方,川湯,a
19,0091,釧路地方,阿寒湖畔,a
19,0092,釧路地方,弟子屈,a
19,0093,釧路地方,標茶,a
19,0094,釧路地方,幌呂台地,a
19,0095,釧路地方,中徹別,a
19,0096,釧路地方,阿寒,a
19,0097,釧路地方,霧多布,a
19,0098,釧路地方,白糠,a
19,47418,釧路地方,釧路,s
19,1107,釧路地方,二俣,a
19,1186,釧路地方,鶴居,a
19,1187,釧路地方,弟子屈,a
19,1192,釧路地方,太田,a
19,1195,釧路地方,榊町,a
19,1283,釧路地方,知方学,a
19,1403,釧路地方,塘路,a
19,1417,釧路地方,茶内原野,a
19,1461,釧路地方,鶴丘,a
20,0100,十勝地方,軍艦山,a
20,0101,十勝地方,陸別,a
20,0102,十勝地方,殖産高地,a
20,0103,十勝地方,ぬかびら源泉郷,a
20,0104,十勝地方,小坂山,a
20,0105,十勝地方,上足寄,a
20,0106,十勝地方,西ヌプカウシ山,a
20,0107,十勝地方,上士幌,a
20,0108,十勝地方,幌安山,a
20,0109,十勝地方,足寄,a
20,0110,十勝地方,佐幌岳,a
20,0111,十勝地方,三角山,a
20,0112,十勝地方,本別,a
20,0113,十勝地方,新得,a
20,0114,十勝地方,鹿追,a
20,0115,十勝地方,芽室,a
20,47417,十勝地方,帯広,s
20,0117,十勝地方,池田,a
20,0118,十勝地方,浦幌,a
20,0119,十勝地方,帯広岳,a
20,0120,十勝地方,ひょうたん沢,a
20,0121,十勝地方,大樹,a
20,47440,十勝地方,広尾,s
20,1099,十勝地方,三国山,a
20,1204,十勝地方,駒場,a
20,1210,十勝地方,上札内,a
20,1211,十勝地方,更別,a
20,1214,十勝地方,大津,a
20,1286,十勝地方,糠内,a
20,1404,十勝地方,小利別,a
20,1405,十勝地方,押帯,a
20,1409,十勝地方,柏倉,a
20,1410,十勝地方,上螺湾,a
20,1418,十勝地方,留真,a
20,1510,十勝地方,帯広泉,a
20,1571,十勝地方,三股,a
21,0123,胆振地方,安平,a
21,0124,胆振地方,厚真,a
21,0125,胆振地方,穂別,a
21,0126,胆振地方,森野,a
21,47424,胆振地方,苫小牧,s
21,0128,胆振地方,大岸,a
21,0129,胆振地方,有珠山,a
21,0130,胆振地方,白老,a
21,0131,胆振地方,鵡川,a
21,0132,胆振地方,伊達,a
21,0133,胆振地方,登別山,a
21,0134,胆振地方,登別,a
21,47423,胆振地方,室蘭,s
21,1067,胆振地方,大滝,a
21,1329,胆振地方,洞爺湖温泉,a
21,1429,胆振地方,カルルス,a
21,1496,胆振地方,豊浦,a
21,1498,胆振地方,花和,a
21,1499,胆振地方,虻田,a
21,1500,胆振地方,壮瞥,a
21,1501,胆振地方,入江,a
21,1502,胆振地方,月浦,a
21,1503,胆振地方,北有珠,a
21,1504,胆振地方,洞爺湖畔,a
21,1665,胆振地方,厚真幌内,a
22,0136,日高地方,日高門別,a
22,0137,日高地方,新和,a
22,0138,日高地方,ヌモトル山,a
22,0139,日高地方,笹山,a
22,0140,日高地方,静内,a
22,0141,日高地方,ピセナイ山,a
22,47426,日高地方,浦河,s
22,1097,日高地方,仁世宇,a
22,1198,日高地方,三石,a
22,1202,日高地方,日高,a
22,1264,日高地方,幌満,a
22,1276,日高地方,目黒,a
22,1288,日高地方,中杵臼,a
22,1340,日高地方,えりも岬,a
22,1430,日高地方,旭,a
22,1594,日高地方,平取,a
23,0143,渡島地方,長万部,a
23,0144,渡島地方,八雲,a
23,0145,渡島地方,森,a
23,0146,渡島地方,大沼,a
23,0147,渡島地方,川汲,a
23,0148,渡島地方,北斗,a
23,47430,渡島地方,函館,s
23,0150,渡島地方,汐首,a
23,0151,渡島地方,小谷石,a
23,0152,渡島地方,松前,a
23,0917,渡島地方,木古内,a
23,1265,渡島地方,千軒,a
23,1416,渡島地方,蛾眉野,a
23,1462,渡島地方,高松,a
23,1543,渡島地方,戸井泊,a
23,1552,渡島地方,知内,a
23,0155,渡島地方,熊石,a
24,0153,檜山地方,せたな,a
24,0154,檜山地方,今金,a
24,0156,檜山地方,潮見,a
24,47428,檜山地方,江差,s
24,1199,檜山地方,奥尻,a
24,1200,檜山地方,鶉,a
24,1205,檜山地方,石崎,a
24,1513,檜山地方,米岡,a
31,0158,青森県,障子山,a
31,47576,青森県,むつ,s
31,0160,青森県,蟹田,a
31,47575,青森県,青森,s
31,0162,青森県,野辺地,a
31,0163,青森県,鰺ケ沢,a
31,0164,青森県,五所川原,a
31,47574,青森県,深浦,s
31,0166,青森県,弘前,a
31,0167,青森県,黒石,a
31,0168,青森県,八甲田山,a
31,0169,青森県,三沢,a
31,0170,青森県,四兵衛森,a
31,0171,青森県,毛無山,a
31,0172,青森県,十和田,a
31,47581,青森県,八戸,s
31,0174,青森県,大鰐,a
31,0175,青森県,碇ケ関,a
31,0176,青森県,空岱山,a
31,0177,青森県,休屋,a
31,0178,青森県,朝日奈岳,a
31,0179,青森県,三戸,a
31,1026,青森県,今別,a
31,1027,青森県,六ケ所,a
31,1041,青森県,大間,a
31,1042,青森県,大和山,a
31,1079,青森県,酸ケ湯,a
31,1108,青森県,岳,a
31,1110,青森県,長慶平,a
31,1119,青森県,市浦,a
31,1122,青森県,小田野沢,a
31,1124,青森県,脇野沢,a
31,1183,青森県,七戸,a
31,1272,青森県,戸来,a
31,1406,青森県,温川,a
31,1495,青森県,青森大谷,a
31,1559,青森県,湯野川,a
32,0180,秋田県,田代岳,a
32,0181,秋田県,陣場,a
32,0182,秋田県,杉沢山,a
32,0183,秋田県,能代,a
32,0184,秋田県,鷹巣,a
32,0185,秋田県,鹿角,a
32,0186,秋田県,湯瀬,a
32,0187,秋田県,森吉山,a
32,0188,秋田県,五城目,a
32,0189,秋田県,男鹿本山,a
32,47582,秋田県,秋田,s
32,0191,秋田県,太平山,a
32,0192,秋田県,岩見三内,a
32,0193,秋田県,角館,a
32,0194,秋田県,田沢湖,a
32,0195,秋田県,大曲,a
32,0196,秋田県,本荘,a
32,0197,秋田県,保呂羽山,a
32,0198,秋田県,横手,a
32,0199,秋田県,にかほ,a
32,0200,秋田県,矢島,a
32,0201,秋田県,三森山,a
32,0202,秋田県,湯沢,a
32,0203,秋田県,姥井戸山,a
32,0204,秋田県,湯の岱,a
32,0912,秋田県,大館,a
32,1035,秋田県,大潟,a
32,1036,秋田県,男鹿,a
32,1043,秋田県,八森,a
32,1050,秋田県,大正寺,a
32,1109,秋田県,東成瀬,a
32,1115,秋田県,比立内,a
32,1117,秋田県,東由利,a
32,1131,秋田県,阿仁合,a
32,1167,秋田県,鎧畑,a
32,1273,秋田県,藤里,a
32,1278,秋田県,桧木内,a
32,1289,秋田県,八幡平,a
32,1407,秋田県,笹子,a
32,1408,秋田県,藤原,a
32,1422,秋田県,男鹿真山,a
32,1425,秋田県,仁別,a
32,1463,秋田県,脇神,a
32,1511,秋田県,雄和,a
32,1652,秋田県,田沢湖高原,a
33,0205,岩手県,種市,a
33,0206,岩手県,軽米,a
33,0207,岩手県,二戸,a
33,0208,岩手県,折爪岳,a
33,0209,岩手県,久慈,a
33,0210,岩手県,西岳,a
33,0211,岩手県,葛巻,a
33,0212,岩手県,袖山,a
33,0213,岩手県,茶臼岳,a
33,0214,岩手県,岩手松尾,a
33,0215,岩手県,岩手山,a
33,0216,岩手県,岩洞,a
33,0217,岩手県,大森山,a
33,0218,岩手県,岩泉,a
33,0219,岩手県,駒ケ岳,a
33,0220,岩手県,害鷹森,a
33,0221,岩手県,雫石,a
33,47584,岩手県,盛岡,s
33,47585,岩手県,宮古,s
33,0224,岩手県,薬師岳,a
33,0225,岩手県,黒森山,a
33,0226,岩手県,豊沢,a
33,0227,岩手県,花巻,a
33,0228,岩手県,大迫,a
33,0229,岩手県,湯田,a
33,0230,岩手県,北上,a
33,0231,岩手県,遠野,a
33,0232,岩手県,五葉山,a
33,0233,岩手県,釜石,a
33,0234,岩手県,岳山,a
33,0235,岩手県,若柳,a
33,0236,岩手県,江刺,a
33,47512,岩手県,大船渡,s
33,0238,岩手県,一関,a
33,0239,岩手県,千厩,a
33,0240,岩手県,室根山,a
33,1028,岩手県,祭畤,a
33,1032,岩手県,好摩,a
33,1033,岩手県,山田,a
33,1037,岩手県,大野,a
33,1045,岩手県,衣川,a
33,1078,岩手県,薮川,a
33,1113,岩手県,米里,a
33,1118,岩手県,沢内,a
33,1120,岩手県,荒屋,a
33,1123,岩手県,普代,a
33,1128,岩手県,紫波,a
33,1168,岩手県,葛根田,a
33,1206,岩手県,住田,a
33,1212,岩手県,小本,a
33,1215,岩手県,奥中山,a
33,1219,岩手県,山形,a
33,1224,岩手県,川井,a
33,1225,岩手県,門馬,a
33,1332,岩手県,下戸鎖,a
33,1447,岩手県,区界,a
33,1508,岩手県,大槌,a
33,1557,岩手県,大東,a
33,1558,岩手県,金ケ崎,a
33,1560,岩手県,滝沢,a
33,1563,岩手県,附馬牛,a
33,1598,岩手県,厳美,a
33,1627,岩手県,刈屋,a
33,1628,岩手県,新町,a
33,1629,岩手県,陸前高田,a
33,1653,岩手県,一方井,a
34,0241,宮城県,栗駒山,a
34,0242,宮城県,気仙沼,a
34,0243,宮城県,川渡,a
34,0244,宮城県,築館,a
34,0245,宮城県,箕輪山,a
34,0246,宮城県,志津川,a
34,0247,宮城県,古川,a
34,0248,宮城県,大衡,a
34,0249,宮城県,鹿島台,a
34,47592,宮城県,石巻,s
34,0251,宮城県,新川,a
34,0252,宮城県,鷹巣山,a
34,47590,宮城県,仙台,s
34,0254,宮城県,川崎,a
34,0255,宮城県,不忘山,a
34,0256,宮城県,白石,a
34,0257,宮城県,亘理,a
34,0985,宮城県,雄勝,a
34,1029,宮城県,米山,a
34,1030,宮城県,塩釜,a
34,1126,宮城県,駒ノ湯,a
34,1220,宮城県,丸森,a
34,1267,宮城県,花山,a
34,1290,宮城県,江ノ島,a
34,1298,宮城県,筆甫,a
34,1365,宮城県,泉ケ岳,a
34,1464,宮城県,名取,a
34,1526,宮城県,鴬沢,a
34,1561,宮城県,加美,a
34,1564,宮城県,蔵王,a
34,1597,宮城県,栗駒深山,a
34,1600,宮城県,栗駒,a
34,1626,宮城県,女川,a
34,1630,宮城県,桃生,a
34,1631,宮城県,東松島,a
34,1632,宮城県,岩沼,a
35,0258,山形県,鳥海山,a
35,47587,山形県,酒田,s
35,0260,山形県,差首鍋,a
35,0261,山形県,太平山,a
35,0262,山形県,金山,a
35,0263,山形県,鶴岡,a
35,0264,山形県,狩川,a
35,47520,山形県,新庄,s
35,0266,山形県,瀬見,a
35,0267,山形県,温海岳,a
35,0268,山形県,櫛引,a
35,0269,山形県,月山,a
35,0270,山形県,銀山,a
35,0271,山形県,楯岡,a
35,0272,山形県,左沢,a
35,47588,山形県,山形,s
35,0274,山形県,葉山,a
35,0275,山形県,長井,a
35,0276,山形県,蔵王山,a
35,0277,山形県,小国,a
35,0278,山形県,高峰,a
35,0279,山形県,米沢,a
35,0280,山形県,西吾妻山,a
35,0910,山形県,向町,a
35,1038,山形県,上草津,a
35,1039,山形県,尾花沢,a
35,1040,山形県,鼠ケ関,a
35,1103,山形県,山毛欅潰山,a
35,1125,山形県,肘折,a
35,1132,山形県,高畠,a
35,1169,山形県,落合,a
35,1291,山形県,飛島,a
35,1292,山形県,大井沢,a
35,1357,山形県,荒沢,a
35,1372,山形県,中津川,a
35,1428,山形県,白鷹山,a
35,1465,山形県,浜中,a
35,1488,山形県,東根,a
35,1539,山形県,村山,a
35,1562,山形県,上山中山,a
35,1664,山形県,酒田大沢,a
36,0295,福島県,浪江,a
36,0304,福島県,小野新町,a
36,1034,福島県,広野,a
36,1129,福島県,川内,a
36,0285,福島県,相馬,a
36,0299,福島県,郡山,a
36,0281,福島県,梁川,a
36,0282,福島県,稲荷峠,a
36,0283,福島県,吾妻山,a
36,47595,福島県,福島,s
36,0286,福島県,喜多方,a
36,0287,福島県,八木沢,a
36,0288,福島県,原町,a
36,0289,福島県,飯谷山,a
36,0290,福島県,猪苗代,a
36,0291,福島県,二本松,a
36,0292,福島県,白馬石山,a
36,47570,福島県,若松,s
36,0294,福島県,船引,a
36,0296,福島県,浅草岳,a
36,0297,福島県,只見,a
36,0298,福島県,博士峠,a
36,0300,福島県,富岡,a
36,0301,福島県,南郷,a
36,0302,福島県,駒止峠,a
36,0303,福島県,田島,a
36,0305,福島県,観音山,a
36,47597,福島県,白河,s
36,0307,福島県,石川,a
36,0308,福島県,山王峠,a
36,0309,福島県,大辷山,a
36,0310,福島県,平,a
36,0311,福島県,田代山,a
36,0312,福島県,東白川,a
36,47598,福島県,小名浜,s
36,1031,福島県,西会津,a
36,1044,福島県,金山,a
36,1116,福島県,鷲倉,a
36,1127,福島県,上遠野,a
36,1130,福島県,飯舘,a
36,1150,福島県,津島,a
36,1268,福島県,長沼,a
36,1269,福島県,舘岩,a
36,1274,福島県,川前,a
36,1282,福島県,桧原,a
36,1293,福島県,茂庭,a
36,1294,福島県,湯本,a
36,1295,福島県,桧枝岐,a
36,1359,福島県,吉尾峠,a
36,1364,福島県,六十里越,a
36,1386,福島県,湖南,a
36,1466,福島県,玉川,a
36,1607,福島県,山田,a
36,1633,福島県,新地,a
36,1634,福島県,古殿,a
40,0314,茨城県,花園,a
40,0315,茨城県,北茨城,a
40,0316,茨城県,大子,a
40,0317,茨城県,神峰山,a
40,0318,茨城県,笠間,a
40,47629,茨城県,水戸,s
40,0320,茨城県,古河,a
40,0321,茨城県,愛宕山,a
40,0322,茨城県,下妻,a
40,0323,茨城県,坂東,a
40,0324,茨城県,土浦,a
40,0325,茨城県,鹿嶋,a
40,0911,茨城県,江戸崎,a
40,1011,茨城県,日立,a
40,1012,茨城県,柿岡,a
40,1013,茨城県,美野里,a
40,1014,茨城県,龍ケ崎,a
40,1082,茨城県,筑波山,a
40,1170,茨城県,中野,a
40,1173,茨城県,徳田,a
40,1245,茨城県,鉾田,a
40,1331,茨城県,常陸大宮,a
40,1388,茨城県,門井,a
40,1421,茨城県,大能,a
40,47646,茨城県,つくば（館野）,s
40,1530,茨城県,下館,a
40,1635,茨城県,高萩,a
40,1661,茨城県,常総,a
41,0326,栃木県,那須高原,a
41,0327,栃木県,黒田原,a
41,0328,栃木県,八方が原,a
41,0329,栃木県,黒磯,a
41,0330,栃木県,八溝山,a
41,0331,栃木県,大田原,a
41,47690,栃木県,奥日光（日光）,s
41,0333,栃木県,方塞山,a
41,0334,栃木県,高根沢,a
41,0335,栃木県,鹿沼,a
41,47615,栃木県,宇都宮,s
41,0337,栃木県,葛生,a
41,0338,栃木県,真岡,a
41,0339,栃木県,足利,a
41,0340,栃木県,栃木,a
41,0341,栃木県,小山,a
41,1015,栃木県,五十里,a
41,1016,栃木県,足尾,a
41,1017,栃木県,烏山,a
41,1018,栃木県,佐野,a
41,1221,栃木県,土呂部,a
41,1333,栃木県,今市,a
41,1334,栃木県,塩谷,a
41,1605,栃木県,那須烏山,a
41,1675,栃木県,日光東町,a
42,0342,群馬県,前武尊,a
42,0343,群馬県,草津,a
42,0344,群馬県,野反湖,a
42,0345,群馬県,雨見山,a
42,0346,群馬県,沼田,a
42,0347,群馬県,赤城山,a
42,0348,群馬県,田代,a
42,0349,群馬県,榛名山,a
42,47624,群馬県,前橋,s
42,0351,群馬県,桐生,a
42,0352,群馬県,一の字山,a
42,0353,群馬県,上里見,a
42,0354,群馬県,西野牧,a
42,0355,群馬県,藤岡,a
42,0356,群馬県,館林,a
42,0357,群馬県,稲含山,a
42,1019,群馬県,みなかみ,a
42,1020,群馬県,中之条,a
42,1021,群馬県,伊勢崎,a
42,1174,群馬県,片品,a
42,1222,群馬県,藤原,a
42,1223,群馬県,神流,a
42,1259,群馬県,黒保根,a
42,1375,群馬県,高手山,a
43,47626,埼玉県,熊谷,s
43,0359,埼玉県,久喜,a
43,47641,埼玉県,秩父,s
43,0361,埼玉県,堂平,a
43,0362,埼玉県,飯能,a
43,0363,埼玉県,さいたま,a
43,0364,埼玉県,越谷,a
43,1000,埼玉県,三峰,a
43,1009,埼玉県,寄居,a
43,1069,埼玉県,鴻巣,a
43,1070,埼玉県,所沢,a
43,1159,埼玉県,浦山,a
43,1182,埼玉県,上吉田,a
43,1232,埼玉県,鳩山,a
43,1497,埼玉県,ときがわ,a
44,0365,東京都,小河内,a
44,0366,東京都,八王子,a
44,0367,東京都,調布,a
44,0368,東京都,世田谷,a
44,47662,東京都,東京,s
44,0370,東京都,江戸川臨海,a
44,0371,東京都,羽田,a
44,47675,東京都,大島,s
44,47677,東京都,三宅島,s
44,47678,東京都,八丈島,s
44,1001,東京都,青梅,a
44,1002,東京都,練馬,a
44,1133,東京都,府中,a
44,1134,東京都,新島,a
44,1180,東京都,小沢,a
44,47971,東京都,父島,s
44,1467,東京都,大島北ノ山,a
44,1468,東京都,八重見ヶ原,a
44,1505,東京都,神津島,a
44,1506,東京都,三宅坪田,a
44,1509,東京都,三宅島阿古,a
44,1522,東京都,新島,a
44,1523,東京都,神津島,a
44,1525,東京都,三宅伊豆,a
44,47991,東京都,南鳥島,s
44,1595,東京都,母島,a
44,1642,東京都,大島臨時,a
44,1643,東京都,大島泉津,a
44,1644,東京都,大島差木地,a
44,1646,東京都,利島,a
44,1648,東京都,青ヶ島,a
45,0375,千葉県,香取,a
45,0376,千葉県,我孫子,a
45,0377,千葉県,東庄,a
45,0378,千葉県,成田,a
45,47648,千葉県,銚子,s
45,47682,千葉県,千葉,s
45,0381,千葉県,茂原,a
45,0382,千葉県,木更津,a
45,0383,千葉県,鋸南,a
45,0384,千葉県,鴨川,a
45,47674,千葉県,勝浦,s
45,47672,千葉県,館山,s
45,0916,千葉県,佐倉,a
45,1003,千葉県,横芝光,a
45,1004,千葉県,大多喜,a
45,1236,千葉県,船橋,a
45,1238,千葉県,牛久,a
45,1241,千葉県,坂畑,a
46,0387,神奈川県,相模湖,a
46,0388,神奈川県,海老名,a
46,47670,神奈川県,横浜,s
46,0390,神奈川県,箱根,a
46,0391,神奈川県,江ノ島,a
46,0392,神奈川県,三浦,a
46,1005,神奈川県,相模原中央,a
46,1006,神奈川県,日吉,a
46,1007,神奈川県,平塚,a
46,1008,神奈川県,小田原,a
46,1096,神奈川県,丹沢湖,a
46,1443,神奈川県,辻堂,a
48,0393,長野県,野沢温泉,a
48,0394,長野県,信濃町,a
48,0395,長野県,飯山,a
48,0396,長野県,白馬,a
48,47610,長野県,長野,s
48,0398,長野県,笠岳,a
48,0399,長野県,大町,a
48,0400,長野県,信州新町,a
48,0401,長野県,四阿屋山,a
48,0402,長野県,上田,a
48,0403,長野県,燕岳,a
48,0404,長野県,穂高,a
48,47622,長野県,軽井沢,s
48,47618,長野県,松本,s
48,0407,長野県,鹿教湯,a
48,0408,長野県,佐久,a
48,0409,長野県,高ボッチ,a
48,0410,長野県,茂来山,a
48,47620,長野県,諏訪,s
48,0412,長野県,八ケ岳,a
48,0413,長野県,木曽平沢,a
48,0414,長野県,原村,a
48,0415,長野県,野辺山,a
48,0416,長野県,御嶽山,a
48,0417,長野県,木曽福島,a
48,0418,長野県,高遠,a
48,0419,長野県,入笠山,a
48,0420,長野県,宮田高原,a
48,0421,長野県,松峯,a
48,0422,長野県,須原,a
48,0423,長野県,摺古木山,a
48,0424,長野県,飯島,a
48,0425,長野県,笹山,a
48,47637,長野県,飯田,s
48,0427,長野県,恵那山,a
48,0428,長野県,鶯巣,a
48,0992,長野県,菅平,a
48,0993,長野県,東御,a
48,0994,長野県,上高地,a
48,1022,長野県,南木曽,a
48,1090,長野県,南小谷,a
48,1162,長野県,鬼無里,a
48,1300,長野県,立科,a
48,1312,長野県,奈川,a
48,1314,長野県,開田高原,a
48,1317,長野県,浪合,a
48,1319,長野県,辰野,a
48,1323,長野県,南信濃,a
48,1339,長野県,阿南,a
48,1360,長野県,聖高原,a
48,1392,長野県,網掛山,a
48,1394,長野県,大鹿,a
48,1397,長野県,杉島,a
48,1399,長野県,十石峠,a
48,1411,長野県,小谷,a
48,1445,長野県,伊那,a
48,1529,長野県,松本今井,a
48,1549,長野県,北相木,a
48,1550,長野県,白樺湖,a
48,1551,長野県,高遠,a
48,1591,長野県,宮田,a
48,1659,長野県,王滝大又,a
48,1666,長野県,木祖薮原,a
49,0429,山梨県,剣ノ峰,a
49,0430,山梨県,日向山,a
49,0431,山梨県,大菩薩,a
49,47638,山梨県,甲府,s
49,0433,山梨県,勝沼,a
49,0434,山梨県,大月,a
49,0435,山梨県,八町山,a
49,0436,山梨県,古関,a
49,47640,山梨県,河口湖,s
49,0438,山梨県,山中,a
49,0439,山梨県,南部,a
49,1023,山梨県,大泉,a
49,1024,山梨県,韮崎,a
49,1165,山梨県,上野原,a
49,1234,山梨県,切石,a
49,47639,山梨県,富士山,s
49,1599,山梨県,乙女湖,a
49,1640,山梨県,富士川,a
50,0440,静岡県,白糸,a
50,0441,静岡県,御殿場,a
50,0442,静岡県,富士,a
50,47657,静岡県,三島,s
50,0444,静岡県,越木平,a
50,0445,静岡県,川根本町,a
50,0446,静岡県,大山,a
50,47668,静岡県,網代,s
50,0448,静岡県,高根山,a
50,47656,静岡県,静岡,s
50,0450,静岡県,霧山,a
50,0451,静岡県,天竜,a
50,0452,静岡県,島田,a
50,0453,静岡県,湯ケ島,a
50,0454,静岡県,天城山,a
50,47654,静岡県,浜松,s
50,0456,静岡県,松崎,a
50,0457,静岡県,稲取,a
50,47655,静岡県,御前崎,s
50,47666,静岡県,石廊崎,s
50,0986,静岡県,佐久間,a
50,0987,静岡県,土肥,a
50,0988,静岡県,三ヶ日,a
50,0989,静岡県,掛川,a
50,1105,静岡県,熊,a
50,1106,静岡県,三倉,a
50,1114,静岡県,梅ケ島,a
50,1243,静岡県,清水,a
50,1244,静岡県,磐田,a
50,1335,静岡県,菊川牧之原,a
50,1338,静岡県,井川,a
50,1393,静岡県,三倉,a
50,1440,静岡県,鍵穴,a
50,47639,静岡県,富士山,s
50,1601,静岡県,静岡空港,a
50,1662,静岡県,春野,a
50,1668,静岡県,有東木,a
50,1673,静岡県,熱海伊豆山,a
51,0460,愛知県,一宮,a
51,0461,愛知県,豊山,a
51,0462,愛知県,茶臼山,a
51,47636,愛知県,名古屋,s
51,0464,愛知県,豊田,a
51,0465,愛知県,東海,a
51,0466,愛知県,出来山,a
51,0467,愛知県,岡崎,a
51,0468,愛知県,作手,a
51,0469,愛知県,一色,a
51,0470,愛知県,豊橋,a
51,47653,愛知県,伊良湖,s
51,0472,愛知県,田原,a
51,0982,愛知県,稲武,a
51,0983,愛知県,蟹江,a
51,0984,愛知県,南知多,a
51,1166,愛知県,小原,a
51,1341,愛知県,鳳来,a
51,1344,愛知県,蒲郡,a
51,1346,愛知県,愛西,a
51,1541,愛知県,新城,a
51,1555,愛知県,セントレア,a
51,1576,愛知県,阿蔵,a
51,1638,愛知県,大府,a
52,0473,岐阜県,神岡,a
52,0474,岐阜県,流葉山,a
52,0475,岐阜県,森茂,a
52,47617,岐阜県,高山,s
52,0477,岐阜県,乗鞍岳,a
52,0478,岐阜県,大日岳,a
52,0479,岐阜県,新渕山,a
52,0480,岐阜県,船山,a
52,0481,岐阜県,白尾山,a
52,0482,岐阜県,白鳥,a
52,0483,岐阜県,萩原,a
52,0484,岐阜県,蕪山,a
52,0485,岐阜県,八幡,a
52,0486,岐阜県,樽見,a
52,0487,岐阜県,金山,a
52,0488,岐阜県,三界山,a
52,0489,岐阜県,権現山,a
52,0490,岐阜県,伽藍,a
52,0491,岐阜県,美濃加茂,a
52,0492,岐阜県,柄石峠,a
52,0493,岐阜県,恵那,a
52,0494,岐阜県,中津川,a
52,0495,岐阜県,関ケ原,a
52,0496,岐阜県,大垣,a
52,47632,岐阜県,岐阜,s
52,0498,岐阜県,三森山,a
52,1057,岐阜県,美濃,a
52,1058,岐阜県,多治見,a
52,1059,岐阜県,上石津,a
52,1061,岐阜県,栃尾,a
52,1066,岐阜県,宮地,a
52,1153,岐阜県,平井,a
52,1299,岐阜県,長滝,a
52,1301,岐阜県,揖斐川,a
52,1305,岐阜県,六厩,a
52,1306,岐阜県,白川,a
52,1308,岐阜県,河合,a
52,1311,岐阜県,宮之前,a
52,1313,岐阜県,黒川,a
52,1363,岐阜県,大日,a
52,1384,岐阜県,付知,a
52,1387,岐阜県,御母衣,a
52,1390,岐阜県,小津,a
52,1396,岐阜県,十二岳,a
52,1436,岐阜県,ひるがの,a
52,1437,岐阜県,清見,a
52,1438,岐阜県,丹生川,a
52,1577,岐阜県,関市板取,a
53,0499,三重県,北勢,a
53,0500,三重県,桑名,a
53,0501,三重県,雲母峰,a
53,47684,三重県,四日市,s
53,0503,三重県,亀山,a
53,47649,三重県,上野,s
53,0505,三重県,笠取山,a
53,47651,三重県,津,s
53,0507,三重県,名張,a
53,0508,三重県,国見山,a
53,0509,三重県,小俣,a
53,0510,三重県,粥見,a
53,0511,三重県,藤坂峠,a
53,47663,三重県,尾鷲,s
53,0513,三重県,八幡峠,a
53,0514,三重県,熊野,a
53,0918,三重県,大台,a
53,0990,三重県,松阪,a
53,0991,三重県,磯部,a
53,1230,三重県,鳥羽,a
53,1255,三重県,宮川,a
53,1258,三重県,南伊勢,a
53,1349,三重県,紀伊長島,a
53,1356,三重県,白山,a
53,1381,三重県,阿児,a
53,1423,三重県,御浜,a
53,1532,三重県,熊野新鹿,a
54,0515,新潟県,村上,a
54,0516,新潟県,鷲ケ巣山,a
54,47602,新潟県,相川,s
54,0518,新潟県,両津,a
54,47604,新潟県,新潟,s
54,0520,新潟県,二王子岳,a
54,0521,新潟県,新津,a
54,0522,新潟県,巻,a
54,0523,新潟県,宝珠山,a
54,0524,新潟県,寺泊,a
54,0525,新潟県,三条,a
54,0526,新潟県,村松,a
54,0527,新潟県,津川,a
54,0528,新潟県,粟ヶ岳,a
54,0529,新潟県,長岡,a
54,0530,新潟県,栃尾,a
54,0531,新潟県,守門岳,a
54,0532,新潟県,柏崎,a
54,0533,新潟県,桜坂峠,a
54,0534,新潟県,小出,a
54,47612,新潟県,高田,s
54,0536,新潟県,安塚,a
54,0537,新潟県,十日町,a
54,0538,新潟県,枝折峠,a
54,0539,新潟県,糸魚川,a
54,0540,新潟県,能生,a
54,0541,新潟県,光ケ原,a
54,0542,新潟県,大沢峠,a
54,0543,新潟県,津南,a
54,0544,新潟県,湯沢,a
54,0545,新潟県,袴岳,a
54,0995,新潟県,粟島,a
54,0996,新潟県,羽茂,a
54,0997,新潟県,守門,a
54,0998,新潟県,関山,a
54,1060,新潟県,下関,a
54,1102,新潟県,鍵取,a
54,1111,新潟県,赤谷,a
54,1154,新潟県,小国,a
54,1155,新潟県,松代,a
54,1256,新潟県,高根,a
54,1297,新潟県,平岩,a
54,1302,新潟県,大潟,a
54,1315,新潟県,弾崎,a
54,1318,新潟県,中条,a
54,1369,新潟県,三面,a
54,1370,新潟県,大湯,a
54,1395,新潟県,塩沢,a
54,1398,新潟県,宮寄上,a
54,1424,新潟県,樽本,a
54,1426,新潟県,川谷,a
54,1427,新潟県,筒方,a
54,1444,新潟県,室谷,a
54,1469,新潟県,松浜,a
54,1514,新潟県,秋津,a
54,1645,新潟県,瓢湖,a
55,0546,富山県,朝日,a
55,0547,富山県,魚津,a
55,0548,富山県,宇奈月,a
55,0549,富山県,嘉例沢,a
55,47606,富山県,伏木,s
55,47607,富山県,富山,s
55,0552,富山県,砺波,a
55,0553,富山県,上市,a
55,0554,富山県,南砺高宮,a
55,0555,富山県,八尾,a
55,0556,富山県,小谷,a
55,0557,富山県,立山,a
55,0558,富山県,細尾峠,a
55,0559,富山県,谷折,a
55,1309,富山県,氷見,a
55,1412,富山県,宇奈月,a
55,1413,富山県,平,a
55,1414,富山県,大山,a
55,1415,富山県,細入,a
55,1455,富山県,猪谷,a
55,1533,富山県,秋ヶ島,a
55,1553,富山県,五箇山,a
55,1621,富山県,立山芦峅,a
56,0560,石川県,珠洲,a
56,47600,石川県,輪島,s
56,0562,石川県,門前,a
56,0563,石川県,木原岳,a
56,0564,石川県,志賀,a
56,0565,石川県,七尾,a
56,0566,石川県,羽咋,a
56,0567,石川県,かほく,a
56,0568,石川県,宝達山,a
56,47605,石川県,金沢,s
56,0570,石川県,医王山,a
56,0571,石川県,加賀中津原,a
56,0973,石川県,白山河内,a
56,1171,石川県,白山白峰,a
56,1324,石川県,小松,a
56,1486,石川県,穴水,a
56,1544,石川県,三井,a
56,1545,石川県,宝達志水,a
56,1650,石川県,舳倉島,a
57,47616,福井県,福井,s
57,0573,福井県,大野,a
57,0574,福井県,タイラ山,a
57,0575,福井県,春日野,a
57,0576,福井県,板垣,a
57,0577,福井県,今庄,a
57,47631,福井県,敦賀,s
57,0579,福井県,小浜,a
57,0974,福井県,美山,a
57,0975,福井県,川上,a
57,1010,福井県,美浜,a
57,1071,福井県,三国,a
57,1226,福井県,勝山,a
57,1316,福井県,越廼,a
57,1382,福井県,九頭竜,a
57,1454,福井県,大飯,a
57,1537,福井県,春江,a
57,1565,福井県,武生,a
60,0580,滋賀県,今津,a
60,0581,滋賀県,荒川,a
60,0582,滋賀県,春照,a
60,47761,滋賀県,彦根,s
60,0584,滋賀県,近江八幡,a
60,0585,滋賀県,君ケ畑台地,a
60,0586,滋賀県,大津,a
60,0587,滋賀県,土山,a
60,0963,滋賀県,東近江,a
60,0964,滋賀県,信楽,a
60,0976,滋賀県,長浜,a
60,1083,滋賀県,南小松,a
60,1087,滋賀県,柳ケ瀬,a
60,1361,滋賀県,霜ケ原,a
60,1524,滋賀県,米原,a
60,1578,滋賀県,朽木平良,a
60,47751,滋賀県,伊吹山,s
61,0588,京都府,峰山,a
61,0589,京都府,宮津,a
61,47750,京都府,舞鶴,s
61,0591,京都府,仏坂,a
61,0592,京都府,浅原山,a
61,0593,京都府,福知山,a
61,0594,京都府,胡麻,a
61,0595,京都府,妙高山,a
61,0596,京都府,園部,a
61,47759,京都府,京都,s
61,0598,京都府,京田辺,a
61,0599,京都府,鷲峰山,a
61,0920,京都府,花背峠,a
61,0927,京都府,知井,a
61,0928,京都府,京北,a
61,0965,京都府,間人,a
61,0966,京都府,本庄,a
61,1025,京都府,長岡京,a
61,1160,京都府,睦寄,a
61,1303,京都府,美山,a
61,1378,京都府,須知,a
61,1379,京都府,三岳,a
61,1380,京都府,綾部,a
61,1383,京都府,三和,a
61,1641,京都府,坂浦,a
61,1671,京都府,綾部山家,a
62,0600,大阪府,能勢,a
62,0601,大阪府,箕面,a
62,0602,大阪府,豊中,a
62,47772,大阪府,大阪,s
62,0604,大阪府,生駒山,a
62,0605,大阪府,河内長野,a
62,0606,大阪府,熊取,a
62,1062,大阪府,堺,a
62,1065,大阪府,枚方,a
62,1470,大阪府,八尾,a
62,1471,大阪府,関空島,a
62,1602,大阪府,茨木,a
63,0607,兵庫県,香住,a
63,0608,兵庫県,温泉,a
63,0609,兵庫県,三川山,a
63,47747,兵庫県,豊岡,s
63,0611,兵庫県,八鹿,a
63,0612,兵庫県,和田山,a
63,0613,兵庫県,生野,a
63,0614,兵庫県,柏原,a
63,0615,兵庫県,一宮,a
63,0616,兵庫県,笠形山,a
63,0617,兵庫県,佐用,a
63,0618,兵庫県,後川,a
63,0619,兵庫県,上郡,a
63,0620,兵庫県,的場山,a
63,47769,兵庫県,姫路,s
63,0622,兵庫県,名塩,a
63,0623,兵庫県,六甲山,a
63,0624,兵庫県,家島,a
63,0625,兵庫県,明石,a
63,47770,兵庫県,神戸,s
63,47776,兵庫県,洲本,s
63,0628,兵庫県,福良,a
63,0956,兵庫県,西脇,a
63,0967,兵庫県,大屋,a
63,0968,兵庫県,福崎,a
63,0969,兵庫県,三田,a
63,0970,兵庫県,郡家,a
63,0977,兵庫県,兎和野高原,a
63,1227,兵庫県,三木,a
63,1337,兵庫県,南淡,a
63,1448,兵庫県,淡路町,a
63,1449,兵庫県,芦屋,a
63,1450,兵庫県,神戸塩屋,a
63,1587,兵庫県,神戸空港,a
63,1588,兵庫県,西宮,a
64,47780,奈良県,奈良,s
64,0630,奈良県,針,a
64,0631,奈良県,田原本,a
64,0632,奈良県,曽爾,a
64,0633,奈良県,大宇陀,a
64,0634,奈良県,高見山,a
64,0635,奈良県,五條,a
64,0636,奈良県,天辻,a
64,0637,奈良県,山上ケ岳,a
64,0638,奈良県,荒神岳,a
64,0639,奈良県,日出岳,a
64,0640,奈良県,上野地,a
64,0641,奈良県,玉置山,a
64,0957,奈良県,上北山,a
64,1228,奈良県,風屋,a
64,1366,奈良県,高見,a
64,1376,奈良県,葛城,a
64,1377,奈良県,壷坂,a
64,1439,奈良県,吉野,a
64,1619,奈良県,天川,a
64,1649,奈良県,下北山,a
64,1669,奈良県,葛川,a
65,0642,和歌山県,葛城山,a
65,47777,和歌山県,和歌山,s
65,0644,和歌山県,岩出,a
65,0645,和歌山県,高野山,a
65,0646,和歌山県,護摩壇山,a
65,0647,和歌山県,御坊,a
65,0648,和歌山県,虎ケ峰峠,a
65,0649,和歌山県,新宮,a
65,0650,和歌山県,白浜,a
65,0651,和歌山県,日置川,a
65,47778,和歌山県,潮岬,s
65,0971,和歌山県,栗栖川,a
65,0978,和歌山県,湯浅,a
65,1063,和歌山県,清水,a
65,1074,和歌山県,本宮,a
65,1089,和歌山県,龍神,a
65,1172,和歌山県,色川,a
65,1342,和歌山県,かつらぎ,a
65,1347,和歌山県,西川,a
65,1457,和歌山県,友ケ島,a
65,1485,和歌山県,川辺,a
65,1589,和歌山県,南紀白浜,a
66,0653,岡山県,大空山,a
66,0654,岡山県,那岐山,a
66,0655,岡山県,今岡,a
66,0656,岡山県,久世,a
66,47756,岡山県,津山,s
66,0658,岡山県,新見,a
66,0659,岡山県,天子山,a
66,0660,岡山県,赤磐,a
66,0661,岡山県,陣山,a
66,0662,岡山県,大平山,a
66,0663,岡山県,福渡,a
66,0664,岡山県,和気,a
66,0665,岡山県,佐屋,a
66,0666,岡山県,矢掛,a
66,47768,岡山県,岡山,s
66,0668,岡山県,虫明,a
66,0669,岡山県,倉敷,a
66,0670,岡山県,玉野,a
66,0919,岡山県,笠岡,a
66,0929,岡山県,下呰部,a
66,0930,岡山県,高梁,a
66,1140,岡山県,奈義,a
66,1328,岡山県,上長田,a
66,1330,岡山県,千屋,a
66,1371,岡山県,恩原,a
66,1531,岡山県,日応寺,a
66,1584,岡山県,富,a
66,1585,岡山県,吉備中央,a
66,1618,岡山県,旭西,a
67,0671,広島県,道後山,a
67,0672,広島県,安田山,a
67,0673,広島県,犬伏山,a
67,0674,広島県,三次,a
67,0675,広島県,庄原,a
67,0676,広島県,大朝,a
67,0677,広島県,加計,a
67,0678,広島県,海見山,a
67,0679,広島県,上下,a
67,0680,広島県,内黒山,a
67,0681,広島県,世羅,a
67,0682,広島県,恵下谷山,a
67,0683,広島県,東広島,a
67,47767,広島県,福山,s
67,47765,広島県,広島,s
67,0686,広島県,竹原,a
67,0687,広島県,生口島,a
67,0688,広島県,大竹,a
67,47766,広島県,呉,s
67,0690,広島県,倉橋,a
67,0947,広島県,高野,a
67,0948,広島県,東城,a
67,0949,広島県,甲田,a
67,0950,広島県,三入,a
67,0951,広島県,府中,a
67,0952,広島県,河内,a
67,0953,広島県,久比,a
67,1163,広島県,志和,a
67,1257,広島県,王泊,a
67,1262,広島県,八幡,a
67,1325,広島県,油木,a
67,1326,広島県,廿日市津田,a
67,1472,広島県,本郷,a
67,1575,広島県,佐伯湯来,a
67,1579,広島県,都志見,a
67,1582,広島県,君田,a
67,1583,広島県,美土里,a
67,1603,広島県,安宿,a
67,1606,広島県,呉市蒲刈,a
68,47740,島根県,西郷,s
68,0692,島根県,西ノ島,a
68,0693,島根県,鹿島,a
68,0694,島根県,斐川,a
68,47741,島根県,松江,s
68,0696,島根県,大東,a
68,0697,島根県,大田,a
68,0698,島根県,掛合,a
68,0699,島根県,横田,a
68,0700,島根県,吾妻山,a
68,0701,島根県,川本,a
68,47755,島根県,浜田,s
68,0703,島根県,三隅,a
68,0704,島根県,益田,a
68,0705,島根県,聖山,a
68,0706,島根県,十種峯,a
68,0707,島根県,津和野,a
68,0954,島根県,佐田,a
68,1093,島根県,桜江,a
68,1094,島根県,瑞穂,a
68,1095,島根県,伯太,a
68,1175,島根県,波佐,a
68,1176,島根県,匹見,a
68,1307,島根県,海士,a
68,1310,島根県,出雲,a
68,1320,島根県,赤名,a
68,1321,島根県,弥栄,a
68,1322,島根県,六日市,a
68,1336,島根県,福光,a
68,1362,島根県,原山,a
68,1473,島根県,西郷岬,a
68,1474,島根県,高津,a
68,1592,島根県,吉賀,a
69,47742,鳥取県,境,s
69,47746,鳥取県,鳥取,s
69,47744,鳥取県,米子,s
69,0709,鳥取県,青谷,a
69,0711,鳥取県,岩井,a
69,0713,鳥取県,倉吉,a
69,0714,鳥取県,菅俵原,a
69,0715,鳥取県,霊石山,a
69,0716,鳥取県,大山,a
69,0717,鳥取県,古峠山,a
69,0718,鳥取県,智頭,a
69,0938,鳥取県,日南,a
69,1177,鳥取県,関金,a
69,1178,鳥取県,若桜,a
69,1231,鳥取県,塩津,a
69,1304,鳥取県,茶屋,a
69,1385,鳥取県,佐治,a
69,1389,鳥取県,江尾,a
69,1391,鳥取県,鹿野,a
69,1519,鳥取県,湖山,a
71,0719,徳島県,大山寺,a
71,0720,徳島県,池田,a
71,47895,徳島県,徳島,s
71,0722,徳島県,江田山,a
71,0723,徳島県,太竜寺山,a
71,0724,徳島県,日和佐,a
71,0725,徳島県,宍喰,a
71,0972,徳島県,穴吹,a
71,1098,徳島県,福原旭,a
71,1242,徳島県,蒲生田,a
71,1252,徳島県,京上,a
71,1327,徳島県,半田,a
71,1352,徳島県,木頭,a
71,1358,徳島県,旭丸,a
71,47894,徳島県,剣山,s
71,1604,徳島県,海陽,a
72,0726,香川県,内海,a
72,47891,香川県,高松,s
72,47890,香川県,多度津,s
72,0729,香川県,滝宮,a
72,0730,香川県,引田,a
72,0731,香川県,竜王山,a
72,1239,香川県,財田,a
72,1475,香川県,香南,a
73,0732,愛媛県,大三島,a
73,0733,愛媛県,玉川,a
73,0734,愛媛県,新居浜,a
73,0735,愛媛県,四国中央,a
73,47887,愛媛県,松山,s
73,0737,愛媛県,上林,a
73,0738,愛媛県,成就社,a
73,0739,愛媛県,長浜,a
73,0740,愛媛県,中山,a
73,0741,愛媛県,久万,a
73,0742,愛媛県,獅子越峠,a
73,0743,愛媛県,八幡浜,a
73,47892,愛媛県,宇和島,s
73,0745,愛媛県,御荘,a
73,0958,愛媛県,西条,a
73,0959,愛媛県,大洲,a
73,0960,愛媛県,三崎,a
73,0961,愛媛県,宇和,a
73,1077,愛媛県,今治,a
73,1260,愛媛県,富郷,a
73,1350,愛媛県,近永,a
73,1456,愛媛県,瀬戸,a
73,1521,愛媛県,松山南吉田,a
74,0746,高知県,本山,a
74,0747,高知県,繁藤,a
74,0748,高知県,佐川,a
74,0749,高知県,成山,a
74,47893,高知県,高知,s
74,0751,高知県,南国,a
74,0752,高知県,芸西,a
74,0753,高知県,鳥形山,a
74,0754,高知県,船戸,a
74,0755,高知県,安芸,a
74,0756,高知県,須崎,a
74,0757,高知県,佐喜浜,a
74,0758,高知県,窪川,a
74,47899,高知県,室戸岬,s
74,0760,高知県,堂ケ森,a
74,0761,高知県,大正,a
74,47897,高知県,宿毛,s
74,0763,高知県,中村,a
74,47898,高知県,清水,s
74,0921,高知県,梼原,a
74,0955,高知県,田野,a
74,1179,高知県,池川,a
74,1229,高知県,大栃,a
74,1233,高知県,佐賀,a
74,1235,高知県,江川崎,a
74,1249,高知県,後免,a
74,1281,高知県,魚梁瀬,a
74,1351,高知県,本川,a
74,1476,高知県,南国日章,a
74,1556,高知県,三崎,a
81,0765,山口県,須佐,a
81,47754,山口県,萩,s
81,0767,山口県,徳佐,a
81,0768,山口県,鍋提峠,a
81,0769,山口県,秋吉台,a
81,0770,山口県,瀬戸原,a
81,0771,山口県,広瀬,a
81,0772,山口県,豊田,a
81,0773,山口県,桜山,a
81,47784,山口県,山口,s
81,0775,山口県,防府,a
81,0776,山口県,下松,a
81,47762,山口県,下関,s
81,0778,山口県,宇部,a
81,0779,山口県,安下庄,a
81,0913,山口県,玖珂,a
81,0939,山口県,油谷,a
81,0940,山口県,岩国,a
81,0941,山口県,周東,a
81,0942,山口県,柳井,a
81,1100,山口県,羅漢山,a
81,1101,山口県,長野山,a
81,1261,山口県,和田,a
81,1367,山口県,篠生,a
81,1614,山口県,鹿野,a
81,1620,山口県,東厚保,a
82,0780,福岡県,八幡,a
82,0781,福岡県,小倉,a
82,0782,福岡県,行橋,a
82,0783,福岡県,篠栗,a
82,47809,福岡県,飯塚,s
82,0785,福岡県,前原,a
82,47807,福岡県,福岡,s
82,0787,福岡県,九千部山,a
82,0788,福岡県,朝倉,a
82,0789,福岡県,英彦山,a
82,0790,福岡県,久留米,a
82,0791,福岡県,耳納山,a
82,0792,福岡県,黒木,a
82,0793,福岡県,大牟田,a
82,0943,福岡県,宗像,a
82,0944,福岡県,頂吉,a
82,0945,福岡県,柳川,a
82,1046,福岡県,添田,a
82,1141,福岡県,太宰府,a
82,1477,福岡県,博多,a
82,1527,福岡県,曽根,a
82,1590,福岡県,空港北町,a
82,1611,福岡県,早良脇山,a
82,1637,福岡県,東谷,a
82,1657,福岡県,小呂島,a
83,0794,大分県,中津,a
83,0795,大分県,豊後高田,a
83,0796,大分県,武蔵,a
83,0797,大分県,伏木,a
83,47814,大分県,日田,s
83,0799,大分県,湯布院,a
83,47815,大分県,大分,s
83,0801,大分県,佐賀関,a
83,0802,大分県,釈迦岳,a
83,0803,大分県,湯平,a
83,0804,大分県,温見,a
83,0805,大分県,犬飼,a
83,0806,大分県,竹田,a
83,0807,大分県,出羽,a
83,0808,大分県,佐伯,a
83,0809,大分県,倉木,a
83,0810,大分県,蒲江,a
83,0931,大分県,院内,a
83,0932,大分県,玖珠,a
83,0933,大分県,臼杵,a
83,0979,大分県,耶馬渓,a
83,1137,大分県,国見,a
83,1142,大分県,宇目,a
83,1157,大分県,別府,a
83,1237,大分県,杵築,a
83,1554,大分県,椿ヶ鼻,a
84,0811,長崎県,佐須奈,a
84,47800,長崎県,厳原,s
84,47805,長崎県,平戸,s
84,0814,長崎県,松浦,a
84,0815,長崎県,国見山,a
84,47812,長崎県,佐世保,s
84,0817,長崎県,大瀬戸,a
84,0818,長崎県,長浦岳,a
84,0819,長崎県,五家原岳,a
84,0820,長崎県,諫早,a
84,47817,長崎県,長崎,s
84,47818,長崎県,雲仙岳,s
84,47843,長崎県,福江,s
84,0922,長崎県,口之津,a
84,0962,長崎県,島原,a
84,1080,長崎県,有川,a
84,1084,長崎県,大村,a
84,1138,長崎県,有川,a
84,1144,長崎県,芦辺,a
84,1441,長崎県,野母崎,a
84,1442,長崎県,深江,a
84,1446,長崎県,普賢岳,a
84,1451,長崎県,百花台,a
84,1452,長崎県,千々石,a
84,1453,長崎県,鰐浦,a
84,1478,長崎県,石田,a
84,1479,長崎県,上大津,a
84,1535,長崎県,小値賀,a
84,1536,長崎県,頭ヶ島,a
84,1538,長崎県,美津島,a
84,1670,長崎県,脇岬,a
84,1672,長崎県,西海,a
84,1676,長崎県,絹笠山,a
85,0824,佐賀県,枝去木,a
85,0825,佐賀県,和多田,a
85,0826,佐賀県,権現山,a
85,0827,佐賀県,八幡岳,a
85,47813,佐賀県,佐賀,s
85,0829,佐賀県,白石,a
85,0830,佐賀県,嬉野,a
85,0831,佐賀県,多良岳,a
85,1075,佐賀県,伊万里,a
85,1480,佐賀県,川副,a
85,1610,佐賀県,唐津,a
85,1612,佐賀県,鳥栖,a
85,1616,佐賀県,北山,a
85,1667,佐賀県,大町,a
86,0832,熊本県,鹿北,a
86,0833,熊本県,南小国,a
86,0834,熊本県,岱明,a
86,0835,熊本県,菊池,a
86,0836,熊本県,鞍岳,a
86,47819,熊本県,熊本,s
86,0838,熊本県,俵山,a
86,47821,熊本県,阿蘇山,s
86,0840,熊本県,高森,a
86,0841,熊本県,間の谷山,a
86,0842,熊本県,甲佐,a
86,0843,熊本県,松島,a
86,0844,熊本県,大金峰,a
86,0845,熊本県,本渡,a
86,0846,熊本県,八代,a
86,47824,熊本県,人吉,s
86,47838,熊本県,牛深,s
86,0850,熊本県,一里山,a
86,0851,熊本県,白髪岳,a
86,0923,熊本県,益城,a
86,0924,熊本県,水俣,a
86,0925,熊本県,多良木,a
86,0926,熊本県,上,a
86,0946,熊本県,田浦,a
86,1081,熊本県,三角,a
86,1086,熊本県,湯前横谷,a
86,1088,熊本県,茶臼峠,a
86,1156,熊本県,屋形山,a
86,1158,熊本県,五家荘,a
86,1240,熊本県,阿蘇乙姫,a
86,1368,熊本県,五木,a
86,1435,熊本県,山江,a
86,1580,熊本県,宇土,a
86,1581,熊本県,一勝地,a
86,0847,熊本県,戦山,a
86,1613,熊本県,山都,a
86,1660,熊本県,南阿蘇,a
87,0852,宮崎県,高千穂,a
87,0853,宮崎県,大中尾,a
87,0854,宮崎県,中小屋,a
87,47822,宮崎県,延岡,s
87,0856,宮崎県,猪原,a
87,0857,宮崎県,日向,a
87,0858,宮崎県,矢櫃岳,a
87,0859,宮崎県,高鍋,a
87,0860,宮崎県,加久藤,a
87,0861,宮崎県,西都,a
87,0862,宮崎県,えびの高原,a
87,0863,宮崎県,小林,a
87,0864,宮崎県,野尻,a
87,0865,宮崎県,国富,a
87,47830,宮崎県,宮崎,s
87,0867,宮崎県,霧島御池,a
87,0868,宮崎県,青島,a
87,47829,宮崎県,都城,s
87,0870,宮崎県,鰐塚山,a
87,47835,宮崎県,油津,s
87,0872,宮崎県,串間,a
87,1135,宮崎県,古江,a
87,1164,宮崎県,深瀬,a
87,1275,宮崎県,見立,a
87,1343,宮崎県,諸塚,a
87,1345,宮崎県,西米良,a
87,1348,宮崎県,鞍岡,a
87,1353,宮崎県,神門,a
87,1432,宮崎県,北方,a
87,1433,宮崎県,上椎葉,a
87,1481,宮崎県,赤江,a
87,1608,宮崎県,都農,a
87,1609,宮崎県,日之影,a
87,1623,宮崎県,高原,a
87,1624,宮崎県,山田,a
87,1636,宮崎県,椎葉,a
87,1663,宮崎県,田野,a
88,47823,鹿児島県,阿久根,s
88,0874,鹿児島県,古原野,a
88,0875,鹿児島県,大口,a
88,0876,鹿児島県,魚野越,a
88,0877,鹿児島県,紫尾山,a
88,0878,鹿児島県,さつま柏原,a
88,0879,鹿児島県,中甑,a
88,0880,鹿児島県,川内,a
88,0881,鹿児島県,溝辺,a
88,0882,鹿児島県,八重山,a
88,0883,鹿児島県,東市来,a
88,0884,鹿児島県,権現ケ尾,a
88,47827,鹿児島県,鹿児島,s
88,0886,鹿児島県,高峠,a
88,0887,鹿児島県,加世田,a
88,0888,鹿児島県,吉ケ別府,a
88,0890,鹿児島県,喜入,a
88,0891,鹿児島県,肝属川,a
88,47831,鹿児島県,枕崎,s
88,0893,鹿児島県,指宿,a
88,0894,鹿児島県,甫与志岳,a
88,0895,鹿児島県,内之浦,a
88,47837,鹿児島県,種子島,s
88,0897,鹿児島県,中種子,a
88,0898,鹿児島県,上中,a
88,0899,鹿児島県,尾之間,a
88,47909,鹿児島県,名瀬,s
88,47836,鹿児島県,屋久島,s
88,47942,鹿児島県,沖永良部,s
88,0934,鹿児島県,出水,a
88,0935,鹿児島県,牧之原,a
88,0936,鹿児島県,志布志,a
88,0937,鹿児島県,鹿屋,a
88,0980,鹿児島県,古仁屋,a
88,1104,鹿児島県,矢止岳,a
88,1136,鹿児島県,田代,a
88,1139,鹿児島県,伊仙,a
88,1146,鹿児島県,輝北,a
88,1149,鹿児島県,大隅,a
88,1161,鹿児島県,佐多,a
88,1181,鹿児島県,肝付前田,a
88,1277,鹿児島県,与論島,a
88,1296,鹿児島県,喜界島,a
88,1520,鹿児島県,笠利,a
88,1540,鹿児島県,中之島,a
88,1542,鹿児島県,天城,a
88,1647,鹿児島県,宝島,a
88,1654,鹿児島県,諏訪之瀬島,a
88,1655,鹿児島県,小宝島,a
88,1658,鹿児島県,平島,a
88,1625,鹿児島県,霧島牧園,a
91,0901,沖縄県,奥,a
91,0902,沖縄県,与那覇岳,a
91,0903,沖縄県,呉我山,a
91,47940,沖縄県,名護,s
91,0905,沖縄県,名嘉真,a
91,0906,沖縄県,読谷,a
91,0907,沖縄県,胡屋,a
91,47936,沖縄県,那覇,s
91,0909,沖縄県,糸数,a
91,1064,沖縄県,金武,a
91,47918,沖縄県,石垣島,s
91,1145,沖縄県,伊原間,a
91,1147,沖縄県,伊是名,a
91,47927,沖縄県,宮古島,s
91,47929,沖縄県,久米島,s
91,1152,沖縄県,渡嘉敷,a
91,1246,沖縄県,伊良部,a
91,1247,沖縄県,多良間,a
91,1248,沖縄県,城辺,a
91,1250,沖縄県,川平,a
91,1251,沖縄県,大原,a
91,47917,沖縄県,西表島,s
91,47912,沖縄県,与那国島,s
91,1354,沖縄県,波照間,a
91,47945,沖縄県,南大東（南大東島）,s
91,1373,沖縄県,本部,a
91,1374,沖縄県,東,a
91,1482,沖縄県,安次嶺,a
91,1483,沖縄県,鏡原,a
91,1484,沖縄県,真栄里,a
91,1490,沖縄県,下地島,a
91,1491,沖縄県,仲筋,a
91,1493,沖縄県,所野,a
91,1494,沖縄県,志多阿原,a
91,1515,沖縄県,粟国,a
91,1516,沖縄県,慶良間,a
91,1517,沖縄県,北大東,a
91,1518,沖縄県,旧東,a
91,1534,沖縄県,北原,a
91,1586,沖縄県,国頭,a
91,1596,沖縄県,宮城島,a
91,1639,沖縄県,盛山,a
91,1651,沖縄県,渡名喜,a
99,89532,南極,昭和,s
